﻿<?xml version="1.0" encoding="utf-8"?>
<TextureAtlas imagePath="Menu_Bongo-Cat.png">
	<!-- Created with Adobe Animate version 21.0.0.35450 -->
	<!-- http://www.adobe.com/products/animate.html -->
	<SubTexture name="lol0000" x="0" y="0" width="352" height="199"/>
	<SubTexture name="lol0001" x="0" y="0" width="352" height="199"/>
	<SubTexture name="lol0002" x="352" y="0" width="352" height="199"/>
	<SubTexture name="lol0003" x="352" y="0" width="352" height="199"/>
	<SubTexture name="lol0004" x="0" y="199" width="352" height="199"/>
	<SubTexture name="lol0005" x="0" y="199" width="352" height="199"/>
	<SubTexture name="lol0006" x="352" y="199" width="352" height="199"/>
	<SubTexture name="lol0007" x="0" y="398" width="352" height="199"/>
	<SubTexture name="lol0008" x="0" y="398" width="352" height="199"/>
	<SubTexture name="lol0009" x="0" y="398" width="352" height="199"/>
</TextureAtlas>
