{
	"animations": [
		{
			"offsets": [
				0,
				3
			],
			"loop": false,
			"fps": 24,
			"anim": "singLEFT",
			"indices": [],
			"name": "bongo cat left"
		},
		{
			"offsets": [
				0,
				7
			],
			"loop": false,
			"fps": 24,
			"anim": "singRIGHT",
			"indices": [],
			"name": "bongo cat right"
		},
		{
			"offsets": [
				0,
				4
			],
			"loop": false,
			"fps": 24,
			"anim": "singDOWN",
			"indices": [],
			"name": "bongo cat down"
		},
		{
			"offsets": [
				-1,
				5
			],
			"loop": false,
			"fps": 24,
			"anim": "singUP",
			"indices": [],
			"name": "bongo cat up"
		},
		{
			"offsets": [
				0,
				0
			],
			"loop": false,
			"fps": 24,
			"anim": "idle",
			"indices": [],
			"name": "bongo cat idle"
		}
	],
	"no_antialiasing": false,
	"image": "characters/bongo_cat",
	"position": [
		-740,
		550
	],
	"healthicon": "bongo-cat",
	"flip_x": false,
	"healthbar_colors": [
		216,
		85,
		142
	],
	"camera_position": [
		-10,
		90
	],
	"sing_duration": 4,
	"scale": 1
}