{
	"song": {
		"player1": "bf",
		"player2": "bongo-cat",
		"notes": [
			{
				"lengthInSteps": 16,
				"sectionNotes": [
					[
						176.470588235294,
						1,
						0
					],
					[
						529.411764705882,
						3,
						0
					],
					[
						352.941176470588,
						0,
						0
					],
					[
						485.294117647059,
						2,
						0
					],
					[
						705.882352941177,
						1,
						0
					],
					[
						882.352941176471,
						0,
						0
					],
					[
						1058.82352941176,
						3,
						0
					],
					[
						1235.29411764706,
						2,
						0
					]
				],
				"mustHitSection": false
			},
			{
				"lengthInSteps": 16,
				"sectionNotes": [
					[
						1588.23529411765,
						1,
						0
					],
					[
						2250,
						3,
						0
					],
					[
						2294.11764705882,
						2,
						0
					],
					[
						2647.05882352941,
						3,
						0
					],
					[
						1764.70588235294,
						2,
						0
					],
					[
						1941.17647058824,
						0,
						0
					],
					[
						2426.47058823529,
						1,
						0
					],
					[
						2470.58823529412,
						0,
						0
					]
				],
				"mustHitSection": false
			},
			{
				"lengthInSteps": 16,
				"sectionNotes": [
					[
						3000,
						0,
						0
					],
					[
						3176.47058823529,
						1,
						0
					],
					[
						3308.82352941176,
						2,
						0
					],
					[
						3352.94117647059,
						3,
						0
					],
					[
						3529.41176470588,
						1,
						0
					],
					[
						3705.88235294118,
						0,
						0
					],
					[
						3882.35294117647,
						2,
						0
					],
					[
						4058.82352941176,
						3,
						0
					]
				],
				"mustHitSection": false
			},
			{
				"lengthInSteps": 16,
				"sectionNotes": [
					[
						4411.76470588235,
						3,
						0
					],
					[
						4764.70588235294,
						0,
						0
					],
					[
						4676.47058823529,
						2,
						0
					],
					[
						4852.94117647059,
						1,
						0
					],
					[
						4897.05882352941,
						2,
						0
					],
					[
						4941.17647058824,
						3,
						0
					],
					[
						4588.23529411765,
						1,
						0
					],
					[
						5117.64705882353,
						2,
						0
					],
					[
						5294.11764705882,
						1,
						0
					],
					[
						5470.58823529412,
						0,
						0
					]
				],
				"mustHitSection": false
			},
			{
				"lengthInSteps": 16,
				"sectionNotes": [
					[
						5823.52941176471,
						1,
						0
					],
					[
						6176.47058823529,
						3,
						0
					],
					[
						6000,
						0,
						0
					],
					[
						6132.35294117647,
						2,
						0
					],
					[
						6352.94117647059,
						1,
						0
					],
					[
						6529.41176470588,
						0,
						0
					],
					[
						6705.88235294118,
						3,
						0
					],
					[
						6882.35294117647,
						2,
						0
					]
				],
				"mustHitSection": true
			},
			{
				"lengthInSteps": 16,
				"sectionNotes": [
					[
						7235.29411764706,
						1,
						0
					],
					[
						7897.05882352941,
						3,
						0
					],
					[
						7941.17647058824,
						2,
						0
					],
					[
						8294.11764705882,
						3,
						0
					],
					[
						7411.76470588235,
						2,
						0
					],
					[
						7588.23529411765,
						0,
						0
					],
					[
						8073.52941176471,
						1,
						0
					],
					[
						8117.64705882353,
						0,
						0
					]
				],
				"mustHitSection": true
			},
			{
				"lengthInSteps": 16,
				"sectionNotes": [
					[
						8647.05882352941,
						0,
						0
					],
					[
						8823.52941176471,
						1,
						0
					],
					[
						8955.88235294118,
						2,
						0
					],
					[
						9000,
						3,
						0
					],
					[
						9176.47058823529,
						1,
						0
					],
					[
						9352.94117647059,
						0,
						0
					],
					[
						9529.41176470588,
						2,
						0
					],
					[
						9705.88235294118,
						3,
						0
					]
				],
				"mustHitSection": true
			},
			{
				"lengthInSteps": 16,
				"sectionNotes": [
					[
						10058.8235294118,
						3,
						0
					],
					[
						10411.7647058824,
						0,
						0
					],
					[
						10323.5294117647,
						2,
						0
					],
					[
						10500,
						1,
						0
					],
					[
						10544.1176470588,
						2,
						0
					],
					[
						10588.2352941176,
						3,
						0
					],
					[
						10235.2941176471,
						1,
						0
					],
					[
						10764.7058823529,
						2,
						0
					],
					[
						10941.1764705882,
						1,
						0
					],
					[
						11117.6470588235,
						0,
						0
					]
				],
				"mustHitSection": true
			},
			{
				"lengthInSteps": 16,
				"sectionNotes": [
					[
						11470.5882352941,
						5,
						0
					],
					[
						11823.5294117647,
						7,
						0
					],
					[
						11647.0588235294,
						4,
						0
					],
					[
						11779.4117647059,
						6,
						0
					],
					[
						12000,
						5,
						0
					],
					[
						12176.4705882353,
						4,
						0
					],
					[
						12352.9411764706,
						7,
						0
					],
					[
						12529.4117647059,
						6,
						0
					],
					[
						11470.5882352941,
						1,
						0
					],
					[
						11823.5294117647,
						3,
						0
					],
					[
						11647.0588235294,
						0,
						0
					],
					[
						11779.4117647059,
						2,
						0
					],
					[
						12000,
						1,
						0
					],
					[
						12176.4705882353,
						0,
						0
					],
					[
						12352.9411764706,
						3,
						0
					],
					[
						12529.4117647059,
						2,
						0
					]
				],
				"mustHitSection": false
			},
			{
				"lengthInSteps": 16,
				"sectionNotes": [
					[
						12882.3529411765,
						5,
						0
					],
					[
						13544.1176470588,
						7,
						0
					],
					[
						13588.2352941176,
						6,
						0
					],
					[
						13941.1764705882,
						7,
						0
					],
					[
						13058.8235294118,
						6,
						0
					],
					[
						13235.2941176471,
						4,
						0
					],
					[
						13720.5882352941,
						5,
						0
					],
					[
						13764.7058823529,
						4,
						0
					],
					[
						12882.3529411765,
						1,
						0
					],
					[
						13544.1176470588,
						3,
						0
					],
					[
						13588.2352941176,
						2,
						0
					],
					[
						13941.1764705882,
						3,
						0
					],
					[
						13058.8235294118,
						2,
						0
					],
					[
						13235.2941176471,
						0,
						0
					],
					[
						13720.5882352941,
						1,
						0
					],
					[
						13764.7058823529,
						0,
						0
					]
				],
				"mustHitSection": true
			},
			{
				"lengthInSteps": 16,
				"sectionNotes": [
					[
						14294.1176470588,
						4,
						0
					],
					[
						14470.5882352941,
						5,
						0
					],
					[
						14602.9411764706,
						6,
						0
					],
					[
						14647.0588235294,
						7,
						0
					],
					[
						14823.5294117647,
						5,
						0
					],
					[
						15000,
						4,
						0
					],
					[
						15176.4705882353,
						6,
						0
					],
					[
						15352.9411764706,
						7,
						0
					],
					[
						14294.1176470588,
						0,
						0
					],
					[
						14470.5882352941,
						1,
						0
					],
					[
						14602.9411764706,
						2,
						0
					],
					[
						14647.0588235294,
						3,
						0
					],
					[
						14823.5294117647,
						1,
						0
					],
					[
						15000,
						0,
						0
					],
					[
						15176.4705882353,
						2,
						0
					],
					[
						15352.9411764706,
						3,
						0
					]
				],
				"mustHitSection": false
			},
			{
				"lengthInSteps": 16,
				"sectionNotes": [
					[
						15705.8823529412,
						7,
						0
					],
					[
						16058.8235294118,
						4,
						0
					],
					[
						15970.5882352941,
						6,
						0
					],
					[
						16147.0588235294,
						5,
						0
					],
					[
						16191.1764705882,
						6,
						0
					],
					[
						16235.2941176471,
						7,
						0
					],
					[
						15882.3529411765,
						5,
						0
					],
					[
						16411.7647058824,
						6,
						0
					],
					[
						16588.2352941176,
						5,
						0
					],
					[
						16764.7058823529,
						4,
						0
					],
					[
						15705.8823529412,
						3,
						0
					],
					[
						16058.8235294118,
						0,
						0
					],
					[
						15970.5882352941,
						2,
						0
					],
					[
						16147.0588235294,
						1,
						0
					],
					[
						16191.1764705882,
						2,
						0
					],
					[
						16235.2941176471,
						3,
						0
					],
					[
						15882.3529411765,
						1,
						0
					],
					[
						16411.7647058824,
						2,
						0
					],
					[
						16588.2352941176,
						1,
						0
					],
					[
						16764.7058823529,
						0,
						0
					]
				],
				"mustHitSection": true
			},
			{
				"lengthInSteps": 16,
				"sectionNotes": [
					[
						16941.1764705882,
						2,
						0
					],
					[
						17205.8823529412,
						1,
						0
					],
					[
						17470.5882352941,
						3,
						0
					],
					[
						17735.2941176471,
						0,
						0
					],
					[
						18000,
						1,
						0
					],
					[
						18176.4705882353,
						2,
						0
					]
				],
				"mustHitSection": true
			},
			{
				"lengthInSteps": 16,
				"sectionNotes": [
					[
						18352.9411764706,
						1,
						0
					],
					[
						18617.6470588235,
						2,
						0
					],
					[
						18882.3529411765,
						0,
						0
					],
					[
						19147.0588235294,
						2,
						0
					],
					[
						19411.7647058824,
						3,
						0
					],
					[
						19588.2352941176,
						0,
						0
					]
				],
				"mustHitSection": true
			},
			{
				"lengthInSteps": 16,
				"sectionNotes": [
					[
						19764.7058823529,
						2,
						0
					],
					[
						20029.4117647059,
						1,
						0
					],
					[
						20294.1176470588,
						0,
						0
					],
					[
						20558.8235294118,
						3,
						0
					],
					[
						20823.5294117647,
						2,
						0
					],
					[
						21000,
						1,
						0
					]
				],
				"mustHitSection": true
			},
			{
				"lengthInSteps": 16,
				"sectionNotes": [
					[
						21441.1764705882,
						1,
						0
					],
					[
						21970.5882352941,
						3,
						0
					],
					[
						22235.2941176471,
						2,
						0
					],
					[
						22411.7647058824,
						1,
						0
					],
					[
						21176.4705882353,
						0,
						0
					],
					[
						21705.8823529412,
						2,
						0
					],
					[
						21882.3529411765,
						4,
						0
					],
					[
						22147.0588235294,
						5,
						0
					],
					[
						22411.7647058824,
						6,
						0
					]
				],
				"mustHitSection": true
			},
			{
				"lengthInSteps": 16,
				"sectionNotes": [
					[
						22588.2352941176,
						6,
						0
					],
					[
						22852.9411764706,
						5,
						0
					],
					[
						23117.6470588235,
						7,
						0
					],
					[
						23382.3529411765,
						4,
						0
					],
					[
						23647.0588235294,
						5,
						0
					],
					[
						23823.5294117647,
						6,
						0
					],
					[
						22764.7058823529,
						2,
						0
					],
					[
						23029.4117647059,
						1,
						0
					],
					[
						23294.1176470588,
						1,
						0
					],
					[
						23205.8823529412,
						0,
						0
					],
					[
						23558.8235294118,
						3,
						0
					],
					[
						23647.0588235294,
						2,
						0
					],
					[
						23735.2941176471,
						1,
						0
					],
					[
						23823.5294117647,
						0,
						0
					],
					[
						23911.7647058824,
						1,
						0
					]
				],
				"mustHitSection": false
			},
			{
				"lengthInSteps": 16,
				"sectionNotes": [
					[
						24000,
						5,
						0
					],
					[
						24264.7058823529,
						6,
						0
					],
					[
						24529.4117647059,
						4,
						0
					],
					[
						24794.1176470588,
						6,
						0
					],
					[
						25058.8235294118,
						7,
						0
					],
					[
						25235.2941176471,
						4,
						0
					],
					[
						24176.4705882353,
						2,
						0
					],
					[
						24441.1764705882,
						1,
						0
					],
					[
						24617.6470588235,
						3,
						0
					],
					[
						24705.8823529412,
						1,
						0
					],
					[
						24970.5882352941,
						2,
						0
					],
					[
						25147.0588235294,
						0,
						0
					],
					[
						25323.5294117647,
						3,
						0
					]
				],
				"mustHitSection": false
			},
			{
				"lengthInSteps": 16,
				"sectionNotes": [
					[
						25676.4705882353,
						5,
						0
					],
					[
						25941.1764705882,
						4,
						0
					],
					[
						26205.8823529412,
						7,
						0
					],
					[
						26470.5882352941,
						6,
						0
					],
					[
						26647.0588235294,
						5,
						0
					],
					[
						25676.4705882353,
						5,
						0
					],
					[
						25588.2352941176,
						2,
						0
					],
					[
						25852.9411764706,
						1,
						0
					],
					[
						26117.6470588235,
						1,
						0
					],
					[
						26029.4117647059,
						0,
						0
					],
					[
						25411.7647058824,
						6,
						0
					],
					[
						26205.8823529412,
						2,
						0
					],
					[
						26294.1176470588,
						3,
						0
					],
					[
						26382.3529411765,
						2,
						0
					],
					[
						26470.5882352941,
						1,
						0
					],
					[
						26558.8235294118,
						0,
						0
					],
					[
						26647.0588235294,
						3,
						0
					],
					[
						26735.2941176471,
						2,
						0
					]
				],
				"mustHitSection": false
			},
			{
				"lengthInSteps": 16,
				"sectionNotes": [
					[
						26823.5294117647,
						3,
						0
					],
					[
						26911.7647058824,
						2,
						0
					],
					[
						27000,
						1,
						0
					],
					[
						27088.2352941176,
						0,
						0
					],
					[
						27176.4705882353,
						1,
						0
					],
					[
						27264.7058823529,
						2,
						0
					],
					[
						27794.1176470588,
						0,
						0
					],
					[
						27882.3529411765,
						1,
						0
					],
					[
						27970.5882352941,
						3,
						0
					],
					[
						27352.9411764706,
						0,
						0
					],
					[
						27441.1764705882,
						1,
						0
					],
					[
						27529.4117647059,
						2,
						0
					],
					[
						27617.6470588235,
						3,
						0
					],
					[
						27705.8823529412,
						2,
						0
					],
					[
						28058.8235294118,
						2,
						0
					],
					[
						28147.0588235294,
						1,
						0
					],
					[
						26823.5294117647,
						5,
						0
					],
					[
						26911.7647058824,
						6,
						0
					],
					[
						27000,
						7,
						0
					],
					[
						27088.2352941176,
						6,
						0
					],
					[
						27176.4705882353,
						4,
						0
					],
					[
						27264.7058823529,
						5,
						0
					],
					[
						27352.9411764706,
						6,
						0
					],
					[
						27441.1764705882,
						7,
						0
					],
					[
						27529.4117647059,
						6,
						0
					],
					[
						27617.6470588235,
						5,
						0
					],
					[
						27705.8823529412,
						4,
						0
					],
					[
						27794.1176470588,
						5,
						0
					],
					[
						27882.3529411765,
						6,
						0
					],
					[
						27970.5882352941,
						7,
						0
					],
					[
						28058.8235294118,
						4,
						0
					],
					[
						28147.0588235294,
						6,
						0
					]
				],
				"mustHitSection": true
			},
			{
				"lengthInSteps": 16,
				"sectionNotes": [
					[
						28235.2941176471,
						2,
						0
					],
					[
						28411.7647058824,
						0,
						0
					],
					[
						28500,
						1,
						0
					],
					[
						28676.4705882353,
						0,
						0
					],
					[
						28764.7058823529,
						3,
						0
					],
					[
						28941.1764705882,
						0,
						0
					],
					[
						29029.4117647059,
						2,
						0
					],
					[
						29205.8823529412,
						0,
						0
					],
					[
						29294.1176470588,
						1,
						0
					],
					[
						29382.3529411765,
						2,
						0
					],
					[
						29470.5882352941,
						3,
						0
					],
					[
						29558.8235294118,
						2,
						0
					]
				],
				"mustHitSection": false
			},
			{
				"lengthInSteps": 16,
				"sectionNotes": [
					[
						29647.0588235294,
						1,
						0
					],
					[
						29823.5294117647,
						3,
						0
					],
					[
						29911.7647058824,
						2,
						0
					],
					[
						30088.2352941176,
						3,
						0
					],
					[
						30176.4705882353,
						0,
						0
					],
					[
						30352.9411764706,
						1,
						0
					],
					[
						30529.4117647059,
						2,
						0
					],
					[
						30617.6470588235,
						3,
						0
					],
					[
						30705.8823529412,
						2,
						0
					],
					[
						30794.1176470588,
						1,
						0
					],
					[
						30882.3529411765,
						0,
						0
					],
					[
						30970.5882352941,
						1,
						0
					]
				],
				"mustHitSection": false
			},
			{
				"lengthInSteps": 16,
				"sectionNotes": [
					[
						31058.8235294118,
						2,
						0
					],
					[
						31235.2941176471,
						0,
						0
					],
					[
						31500,
						0,
						0
					],
					[
						31323.5294117647,
						3,
						0
					],
					[
						31588.2352941176,
						1,
						0
					],
					[
						31764.7058823529,
						0,
						0
					],
					[
						31852.9411764706,
						2,
						0
					],
					[
						32029.4117647059,
						0,
						0
					],
					[
						32117.6470588235,
						1,
						0
					],
					[
						32205.8823529412,
						2,
						0
					],
					[
						32294.1176470588,
						3,
						0
					],
					[
						32382.3529411765,
						2,
						0
					]
				],
				"mustHitSection": false
			},
			{
				"lengthInSteps": 16,
				"sectionNotes": [
					[
						32470.5882352941,
						0,
						0
					],
					[
						32647.0588235294,
						1,
						0
					],
					[
						32735.2941176471,
						2,
						0
					],
					[
						32911.7647058824,
						1,
						0
					],
					[
						33529.4117647059,
						0,
						0
					],
					[
						33617.6470588235,
						1,
						0
					],
					[
						33705.8823529412,
						2,
						0
					],
					[
						33000,
						0,
						0
					],
					[
						33176.4705882353,
						3,
						0
					],
					[
						33352.9411764706,
						2,
						0
					],
					[
						33794.1176470588,
						3,
						0
					]
				],
				"mustHitSection": false
			},
			{
				"lengthInSteps": 16,
				"sectionNotes": [
					[
						33882.3529411765,
						1,
						0
					],
					[
						34058.8235294118,
						3,
						0
					],
					[
						34147.0588235294,
						2,
						0
					],
					[
						34323.5294117647,
						0,
						0
					],
					[
						34411.7647058823,
						2,
						0
					],
					[
						34588.2352941176,
						3,
						0
					],
					[
						34676.4705882353,
						1,
						0
					],
					[
						34852.9411764706,
						0,
						0
					],
					[
						34941.1764705882,
						2,
						0
					],
					[
						35029.4117647059,
						1,
						0
					],
					[
						35117.6470588235,
						3,
						0
					],
					[
						35205.8823529412,
						2,
						0
					]
				],
				"mustHitSection": true
			},
			{
				"lengthInSteps": 16,
				"sectionNotes": [
					[
						35294.1176470588,
						1,
						0
					],
					[
						35470.5882352941,
						2,
						0
					],
					[
						35558.8235294118,
						0,
						0
					],
					[
						35735.2941176471,
						1,
						0
					],
					[
						35823.5294117647,
						3,
						0
					],
					[
						36000,
						0,
						0
					],
					[
						36176.4705882353,
						3,
						0
					],
					[
						36264.7058823529,
						2,
						0
					],
					[
						36352.9411764706,
						1,
						0
					],
					[
						36441.1764705882,
						2,
						0
					],
					[
						36529.4117647059,
						1,
						0
					],
					[
						36617.6470588235,
						0,
						0
					]
				],
				"mustHitSection": true
			},
			{
				"lengthInSteps": 16,
				"sectionNotes": [
					[
						36705.8823529412,
						1,
						0
					],
					[
						36882.3529411765,
						3,
						0
					],
					[
						36970.5882352941,
						2,
						0
					],
					[
						37147.0588235294,
						1,
						0
					],
					[
						37235.294117647,
						0,
						0
					],
					[
						37411.7647058823,
						1,
						0
					],
					[
						37500,
						2,
						0
					],
					[
						37676.4705882353,
						3,
						0
					],
					[
						37764.7058823529,
						0,
						0
					],
					[
						37852.9411764706,
						2,
						0
					],
					[
						37941.1764705882,
						1,
						0
					],
					[
						38029.4117647059,
						2,
						0
					]
				],
				"mustHitSection": true
			},
			{
				"lengthInSteps": 16,
				"sectionNotes": [
					[
						38117.6470588235,
						3,
						0
					],
					[
						38294.1176470588,
						1,
						0
					],
					[
						38382.3529411765,
						2,
						0
					],
					[
						38558.8235294118,
						1,
						0
					],
					[
						38647.0588235294,
						0,
						0
					],
					[
						38823.5294117647,
						1,
						0
					],
					[
						39000,
						2,
						0
					],
					[
						39176.4705882353,
						3,
						0
					],
					[
						39264.7058823529,
						2,
						0
					],
					[
						39352.9411764706,
						1,
						0
					],
					[
						39441.1764705882,
						0,
						0
					]
				],
				"mustHitSection": true
			},
			{
				"lengthInSteps": 16,
				"sectionNotes": [
					[
						39529.4117647059,
						2,
						0
					],
					[
						39705.8823529412,
						0,
						0
					],
					[
						39794.1176470588,
						1,
						0
					],
					[
						39970.5882352941,
						0,
						0
					],
					[
						40058.8235294118,
						3,
						0
					],
					[
						40235.2941176471,
						0,
						0
					],
					[
						40323.5294117647,
						2,
						0
					],
					[
						40500,
						0,
						0
					],
					[
						40588.2352941177,
						1,
						0
					],
					[
						40676.4705882353,
						2,
						0
					],
					[
						40764.7058823529,
						3,
						0
					],
					[
						40852.9411764706,
						2,
						0
					]
				],
				"mustHitSection": false
			},
			{
				"lengthInSteps": 16,
				"sectionNotes": [
					[
						40941.1764705882,
						1,
						0
					],
					[
						41117.6470588235,
						3,
						0
					],
					[
						41205.8823529412,
						2,
						0
					],
					[
						41382.3529411765,
						3,
						0
					],
					[
						41470.5882352941,
						0,
						0
					],
					[
						41647.0588235294,
						1,
						0
					],
					[
						41823.5294117647,
						2,
						0
					],
					[
						41911.7647058824,
						3,
						0
					],
					[
						42000,
						2,
						0
					],
					[
						42088.2352941177,
						1,
						0
					],
					[
						42176.4705882353,
						0,
						0
					],
					[
						42264.7058823529,
						1,
						0
					]
				],
				"mustHitSection": false
			},
			{
				"lengthInSteps": 16,
				"sectionNotes": [
					[
						42794.1176470588,
						0,
						0
					],
					[
						42882.3529411765,
						1,
						0
					],
					[
						43323.5294117647,
						0,
						0
					],
					[
						43411.7647058824,
						1,
						0
					],
					[
						43500,
						2,
						0
					],
					[
						43588.2352941177,
						3,
						0
					],
					[
						43676.4705882353,
						2,
						0
					],
					[
						42352.9411764706,
						3,
						0
					],
					[
						42529.4117647059,
						2,
						0
					],
					[
						42705.8823529412,
						1,
						0
					],
					[
						42970.5882352941,
						2,
						0
					],
					[
						43058.8235294117,
						1,
						0
					],
					[
						43147.0588235294,
						3,
						0
					],
					[
						43235.294117647,
						2,
						0
					]
				],
				"mustHitSection": false
			},
			{
				"lengthInSteps": 16,
				"sectionNotes": [
					[
						43764.7058823529,
						0,
						0
					],
					[
						44823.5294117647,
						0,
						0
					],
					[
						44911.7647058824,
						1,
						0
					],
					[
						43941.1764705882,
						2,
						0
					],
					[
						44117.6470588235,
						1,
						0
					],
					[
						44294.1176470588,
						3,
						0
					],
					[
						44382.3529411764,
						2,
						0
					],
					[
						44558.8235294117,
						3,
						0
					],
					[
						44647.0588235294,
						1,
						0
					],
					[
						45000,
						3,
						0
					],
					[
						45088.2352941176,
						2,
						0
					]
				],
				"mustHitSection": false
			},
			{
				"lengthInSteps": 16,
				"sectionNotes": [
					[
						45176.4705882353,
						2,
						0
					],
					[
						45352.9411764706,
						0,
						0
					],
					[
						45441.1764705882,
						1,
						0
					],
					[
						45617.6470588235,
						3,
						0
					],
					[
						45705.8823529411,
						1,
						0
					],
					[
						45882.3529411764,
						0,
						0
					],
					[
						45970.5882352941,
						2,
						0
					],
					[
						46147.0588235294,
						3,
						0
					],
					[
						46235.294117647,
						1,
						0
					],
					[
						46323.5294117647,
						2,
						0
					],
					[
						46411.7647058823,
						0,
						0
					],
					[
						46500,
						1,
						0
					]
				],
				"mustHitSection": true
			},
			{
				"lengthInSteps": 16,
				"sectionNotes": [
					[
						46588.2352941176,
						2,
						0
					],
					[
						46764.7058823529,
						1,
						0
					],
					[
						46852.9411764706,
						3,
						0
					],
					[
						47029.4117647059,
						2,
						0
					],
					[
						47117.6470588235,
						0,
						0
					],
					[
						47294.1176470588,
						3,
						0
					],
					[
						47470.5882352941,
						0,
						0
					],
					[
						47911.7647058823,
						3,
						0
					],
					[
						47558.8235294117,
						1,
						0
					],
					[
						47647.0588235294,
						2,
						0
					],
					[
						47735.294117647,
						1,
						0
					],
					[
						47823.5294117647,
						2,
						0
					]
				],
				"mustHitSection": true
			},
			{
				"lengthInSteps": 16,
				"sectionNotes": [
					[
						48000,
						2,
						0
					],
					[
						48176.4705882353,
						1,
						0
					],
					[
						48352.9411764706,
						3,
						0
					],
					[
						48441.1764705882,
						2,
						0
					],
					[
						48529.4117647058,
						1,
						0
					],
					[
						48617.6470588235,
						0,
						0
					],
					[
						48705.8823529411,
						3,
						0
					],
					[
						48970.5882352941,
						0,
						0
					],
					[
						48794.1176470588,
						1,
						0
					],
					[
						48882.3529411764,
						2,
						0
					],
					[
						49058.8235294117,
						1,
						0
					],
					[
						49147.0588235294,
						2,
						0
					],
					[
						49235.294117647,
						3,
						0
					],
					[
						49323.5294117647,
						2,
						0
					]
				],
				"mustHitSection": true
			},
			{
				"lengthInSteps": 16,
				"sectionNotes": [
					[
						49411.7647058823,
						1,
						0
					],
					[
						49588.2352941176,
						2,
						0
					],
					[
						49764.7058823529,
						3,
						0
					],
					[
						49941.1764705882,
						0,
						0
					],
					[
						50029.4117647058,
						1,
						0
					],
					[
						50205.8823529411,
						3,
						0
					],
					[
						50294.1176470588,
						2,
						0
					],
					[
						50558.8235294117,
						0,
						0
					],
					[
						50470.5882352941,
						1,
						0
					],
					[
						50647.0588235294,
						2,
						0
					],
					[
						50735.294117647,
						3,
						0
					]
				],
				"mustHitSection": true
			},
			{
				"lengthInSteps": 16,
				"sectionNotes": [
					[
						50823.5294117647,
						2,
						0
					],
					[
						51088.2352941177,
						1,
						0
					],
					[
						50911.7647058823,
						0,
						0
					],
					[
						51264.7058823529,
						3,
						0
					],
					[
						51441.1764705882,
						2,
						0
					],
					[
						51529.4117647058,
						1,
						0
					],
					[
						51705.8823529411,
						0,
						0
					],
					[
						51794.1176470588,
						1,
						0
					],
					[
						51882.3529411764,
						2,
						0
					],
					[
						52058.8235294117,
						1,
						0
					],
					[
						52147.0588235294,
						3,
						0
					]
				],
				"mustHitSection": false
			},
			{
				"lengthInSteps": 16,
				"sectionNotes": [
					[
						52235.294117647,
						2,
						0
					],
					[
						52411.7647058823,
						1,
						0
					],
					[
						52500,
						0,
						0
					],
					[
						52676.4705882353,
						2,
						0
					],
					[
						52764.7058823529,
						3,
						0
					],
					[
						52941.1764705882,
						1,
						0
					],
					[
						53117.6470588235,
						0,
						0
					],
					[
						53205.8823529411,
						1,
						0
					],
					[
						53294.1176470588,
						2,
						0
					],
					[
						53382.3529411764,
						3,
						0
					],
					[
						53470.5882352941,
						2,
						0
					],
					[
						53558.8235294117,
						1,
						0
					]
				],
				"mustHitSection": false
			},
			{
				"lengthInSteps": 16,
				"sectionNotes": [
					[
						53647.0588235294,
						3,
						0
					],
					[
						53823.5294117647,
						2,
						0
					],
					[
						53999.9999999999,
						0,
						0
					],
					[
						54088.2352941176,
						3,
						0
					],
					[
						54264.7058823529,
						2,
						0
					],
					[
						54441.1764705882,
						1,
						0
					],
					[
						54617.6470588235,
						0,
						0
					],
					[
						54705.8823529411,
						1,
						0
					],
					[
						54794.1176470588,
						2,
						0
					],
					[
						54882.3529411764,
						3,
						0
					],
					[
						54970.5882352941,
						2,
						0
					]
				],
				"mustHitSection": false
			},
			{
				"lengthInSteps": 16,
				"sectionNotes": [
					[
						55058.8235294117,
						1,
						0
					],
					[
						55235.294117647,
						0,
						0
					],
					[
						55411.7647058823,
						3,
						0
					],
					[
						55499.9999999999,
						2,
						0
					],
					[
						55676.4705882352,
						1,
						0
					],
					[
						55852.9411764705,
						0,
						0
					],
					[
						55941.1764705882,
						3,
						0
					],
					[
						56029.4117647058,
						1,
						0
					],
					[
						56117.6470588235,
						2,
						0
					],
					[
						56205.8823529411,
						0,
						0
					],
					[
						56294.1176470588,
						3,
						0
					],
					[
						56382.3529411764,
						1,
						0
					]
				],
				"mustHitSection": false
			},
			{
				"lengthInSteps": 16,
				"sectionNotes": [
					[
						56470.5882352941,
						0,
						0
					],
					[
						56558.8235294117,
						2,
						0
					],
					[
						56735.294117647,
						3,
						0
					],
					[
						56911.7647058823,
						1,
						0
					],
					[
						57088.2352941176,
						0,
						0
					],
					[
						57176.4705882352,
						2,
						0
					],
					[
						57352.9411764705,
						3,
						0
					],
					[
						57441.1764705882,
						1,
						0
					],
					[
						57529.4117647058,
						2,
						0
					],
					[
						57705.8823529411,
						0,
						0
					],
					[
						57794.1176470588,
						1,
						0
					]
				],
				"mustHitSection": true
			},
			{
				"lengthInSteps": 16,
				"sectionNotes": [
					[
						57882.3529411764,
						2,
						0
					],
					[
						58058.8235294117,
						3,
						0
					],
					[
						58147.0588235294,
						0,
						0
					],
					[
						58323.5294117646,
						1,
						0
					],
					[
						58411.7647058823,
						2,
						0
					],
					[
						58588.2352941176,
						3,
						0
					],
					[
						58764.7058823529,
						2,
						0
					],
					[
						58852.9411764705,
						1,
						0
					],
					[
						58941.1764705882,
						0,
						0
					],
					[
						59029.4117647058,
						3,
						0
					],
					[
						59117.6470588235,
						2,
						0
					],
					[
						59205.8823529411,
						1,
						0
					]
				],
				"mustHitSection": true
			},
			{
				"sectionNotes": [
					[
						59294.1176470588,
						0,
						0
					],
					[
						59382.3529411764,
						2,
						0
					],
					[
						59558.8235294117,
						3,
						0
					],
					[
						59735.294117647,
						1,
						0
					],
					[
						59911.7647058823,
						2,
						0
					],
					[
						60088.2352941176,
						3,
						0
					],
					[
						60264.7058823529,
						2,
						0
					],
					[
						60352.9411764705,
						1,
						0
					],
					[
						60441.1764705882,
						2,
						0
					],
					[
						60529.4117647058,
						0,
						0
					],
					[
						60617.6470588235,
						1,
						0
					]
				],
				"typeOfSection": 0,
				"lengthInSteps": 16,
				"altAnim": false,
				"mustHitSection": true,
				"changeBPM": false,
				"bpm": 0
			},
			{
				"sectionNotes": [
					[
						60705.8823529411,
						0,
						0
					],
					[
						60970.5882352941,
						5,
						0
					],
					[
						61588.2352941176,
						7,
						0
					],
					[
						61852.9411764705,
						1,
						0
					],
					[
						61941.1764705882,
						2,
						0
					]
				],
				"typeOfSection": 0,
				"lengthInSteps": 16,
				"altAnim": false,
				"mustHitSection": false,
				"changeBPM": false,
				"bpm": 170
			},
			{
				"sectionNotes": [
					[
						62117.6470588235,
						7,
						0
					],
					[
						62382.3529411764,
						6,
						0
					],
					[
						62647.0588235293,
						1,
						0
					],
					[
						62823.5294117646,
						2,
						0
					],
					[
						63088.2352941176,
						0,
						0
					],
					[
						63352.9411764705,
						5,
						0
					]
				],
				"typeOfSection": 0,
				"lengthInSteps": 16,
				"altAnim": false,
				"mustHitSection": true,
				"changeBPM": false,
				"bpm": 170
			},
			{
				"sectionNotes": [
					[
						63529.4117647058,
						0,
						0
					],
					[
						63794.1176470588,
						3,
						0
					],
					[
						64058.8235294117,
						5,
						0
					],
					[
						64235.294117647,
						6,
						0
					],
					[
						64499.9999999999,
						4,
						0
					],
					[
						64764.7058823529,
						7,
						0
					]
				],
				"typeOfSection": 0,
				"lengthInSteps": 16,
				"altAnim": false,
				"mustHitSection": false,
				"changeBPM": false,
				"bpm": 170
			},
			{
				"sectionNotes": [
					[
						64941.1764705882,
						6,
						0
					],
					[
						65205.8823529411,
						0,
						0
					],
					[
						65470.588235294,
						2,
						0
					],
					[
						65647.0588235293,
						1,
						0
					],
					[
						65911.7647058823,
						5,
						0
					],
					[
						66176.4705882352,
						7,
						0
					]
				],
				"typeOfSection": 0,
				"lengthInSteps": 16,
				"altAnim": false,
				"mustHitSection": true,
				"changeBPM": false,
				"bpm": 170
			},
			{
				"sectionNotes": [
					[
						66617.6470588235,
						4,
						0
					],
					[
						67058.8235294117,
						6,
						0
					],
					[
						67323.5294117646,
						5,
						0
					],
					[
						67588.2352941176,
						4,
						0
					],
					[
						66352.9411764705,
						0,
						0
					],
					[
						66882.3529411764,
						2,
						0
					]
				],
				"typeOfSection": 0,
				"lengthInSteps": 16,
				"altAnim": false,
				"mustHitSection": false,
				"changeBPM": false,
				"bpm": 170
			},
			{
				"sectionNotes": [
					[
						67764.7058823529,
						4,
						0
					],
					[
						68029.4117647058,
						5,
						0
					],
					[
						68294.1176470588,
						7,
						0
					],
					[
						68470.588235294,
						3,
						0
					],
					[
						68735.294117647,
						1,
						0
					],
					[
						68999.9999999999,
						0,
						0
					]
				],
				"typeOfSection": 0,
				"lengthInSteps": 16,
				"altAnim": false,
				"mustHitSection": true,
				"changeBPM": false,
				"bpm": 170
			},
			{
				"sectionNotes": [
					[
						69176.4705882352,
						1,
						0
					],
					[
						69441.1764705882,
						5,
						0
					],
					[
						69705.8823529411,
						2,
						0
					],
					[
						69882.3529411764,
						6,
						0
					],
					[
						70147.0588235293,
						3,
						0
					],
					[
						70411.7647058823,
						7,
						0
					]
				],
				"typeOfSection": 0,
				"lengthInSteps": 16,
				"altAnim": false,
				"mustHitSection": false,
				"changeBPM": false,
				"bpm": 170
			},
			{
				"sectionNotes": [
					[
						70588.2352941176,
						2,
						0
					],
					[
						70852.9411764705,
						6,
						0
					],
					[
						71117.6470588235,
						7,
						0
					],
					[
						71294.1176470587,
						6,
						0
					],
					[
						71558.8235294117,
						0,
						0
					],
					[
						71823.5294117646,
						2,
						0
					]
				],
				"typeOfSection": 0,
				"lengthInSteps": 16,
				"altAnim": false,
				"mustHitSection": true,
				"changeBPM": false,
				"bpm": 170
			},
			{
				"sectionNotes": [
					[
						71999.9999999999,
						7,
						0
					],
					[
						72264.7058823528,
						1,
						0
					],
					[
						72529.4117647058,
						0,
						0
					],
					[
						72705.8823529411,
						4,
						0
					],
					[
						72970.588235294,
						5,
						0
					],
					[
						73235.294117647,
						5,
						0
					],
					[
						72705.8823529411,
						3,
						0
					],
					[
						72970.588235294,
						2,
						0
					],
					[
						73235.294117647,
						2,
						0
					]
				],
				"typeOfSection": 0,
				"lengthInSteps": 16,
				"altAnim": false,
				"mustHitSection": false,
				"changeBPM": false,
				"bpm": 170
			},
			{
				"lengthInSteps": 16,
				"typeOfSection": 0,
				"sectionNotes": [],
				"altAnim": false,
				"bpm": 170,
				"changeBPM": false,
				"mustHitSection": true
			},
			{
				"sectionNotes": [],
				"typeOfSection": 0,
				"lengthInSteps": 16,
				"altAnim": false,
				"mustHitSection": true,
				"changeBPM": false,
				"bpm": 170
			},
			{
				"sectionNotes": [],
				"typeOfSection": 0,
				"lengthInSteps": 16,
				"altAnim": false,
				"mustHitSection": true,
				"changeBPM": false,
				"bpm": 170
			},
			{
				"sectionNotes": [],
				"typeOfSection": 0,
				"lengthInSteps": 16,
				"altAnim": false,
				"mustHitSection": true,
				"changeBPM": false,
				"bpm": 170
			},
			{
				"sectionNotes": [],
				"typeOfSection": 0,
				"lengthInSteps": 16,
				"altAnim": false,
				"mustHitSection": true,
				"changeBPM": false,
				"bpm": 170
			},
			{
				"sectionNotes": [],
				"typeOfSection": 0,
				"lengthInSteps": 16,
				"altAnim": false,
				"mustHitSection": true,
				"changeBPM": false,
				"bpm": 170
			},
			{
				"sectionNotes": [],
				"typeOfSection": 0,
				"lengthInSteps": 16,
				"altAnim": false,
				"mustHitSection": true,
				"changeBPM": false,
				"bpm": 170
			},
			{
				"lengthInSteps": 16,
				"altAnim": false,
				"typeOfSection": 0,
				"sectionNotes": [],
				"bpm": 170,
				"changeBPM": false,
				"mustHitSection": true
			},
			{
				"lengthInSteps": 16,
				"altAnim": false,
				"typeOfSection": 0,
				"sectionNotes": [],
				"bpm": 170,
				"changeBPM": false,
				"mustHitSection": true
			},
			{
				"lengthInSteps": 16,
				"altAnim": false,
				"typeOfSection": 0,
				"sectionNotes": [],
				"bpm": 170,
				"changeBPM": false,
				"mustHitSection": true
			},
			{
				"lengthInSteps": 16,
				"altAnim": false,
				"typeOfSection": 0,
				"sectionNotes": [],
				"bpm": 170,
				"changeBPM": false,
				"mustHitSection": true
			},
			{
				"lengthInSteps": 16,
				"altAnim": false,
				"typeOfSection": 0,
				"sectionNotes": [],
				"bpm": 170,
				"changeBPM": false,
				"mustHitSection": true
			},
			{
				"lengthInSteps": 16,
				"altAnim": false,
				"typeOfSection": 0,
				"sectionNotes": [],
				"bpm": 170,
				"changeBPM": false,
				"mustHitSection": true
			}
		],
		"player3": "gf",
		"song": "Funny Cat",
		"stage": "bongoStage",
		"needsVoices": true,
		"validScore": true,
		"speed": 2.5,
		"bpm": 170
	}
}