﻿<?xml version="1.0" encoding="utf-8"?>
<TextureAtlas imagePath="explode.png">
	<!-- Created with Adobe Animate version 21.0.0.35450 -->
	<!-- http://www.adobe.com/products/animate.html -->
	<SubTexture name="boom instance 10000" x="0" y="0" width="530" height="759"/>
	<SubTexture name="boom instance 10001" x="530" y="0" width="530" height="759"/>
	<SubTexture name="boom instance 10002" x="1060" y="0" width="530" height="759"/>
	<SubTexture name="boom instance 10003" x="1590" y="0" width="530" height="759"/>
	<SubTexture name="boom instance 10004" x="2120" y="0" width="530" height="759"/>
	<SubTexture name="boom instance 10005" x="2650" y="0" width="530" height="759"/>
	<SubTexture name="boom instance 10006" x="3180" y="0" width="530" height="759"/>
	<SubTexture name="boom instance 10007" x="0" y="759" width="530" height="759"/>
	<SubTexture name="boom instance 10008" x="530" y="759" width="530" height="759"/>
	<SubTexture name="boom instance 10009" x="1060" y="759" width="530" height="759"/>
	<SubTexture name="boom instance 10010" x="1590" y="759" width="530" height="759"/>
	<SubTexture name="boom instance 10011" x="2120" y="759" width="530" height="759"/>
	<SubTexture name="boom instance 10012" x="2650" y="759" width="530" height="759"/>
	<SubTexture name="boom instance 10013" x="3180" y="759" width="530" height="759"/>
	<SubTexture name="boom instance 10014" x="0" y="1518" width="530" height="759"/>
	<SubTexture name="boom instance 10015" x="530" y="1518" width="530" height="759"/>
	<SubTexture name="boom instance 10016" x="1060" y="1518" width="530" height="759"/>
</TextureAtlas>
