﻿<?xml version="1.0" encoding="utf-8"?>
<TextureAtlas imagePath="bongo_cat.png">
	<!-- Created with Adobe Animate version 21.0.0.35450 -->
	<!-- http://www.adobe.com/products/animate.html -->
	<SubTexture name="bongo cat down0000" x="0" y="0" width="1045" height="334"/>
	<SubTexture name="bongo cat down0001" x="1045" y="0" width="1045" height="334"/>
	<SubTexture name="bongo cat down0002" x="1045" y="0" width="1045" height="334"/>
	<SubTexture name="bongo cat down0003" x="2090" y="0" width="1045" height="334"/>
	<SubTexture name="bongo cat down0004" x="2090" y="0" width="1045" height="334"/>
	<SubTexture name="bongo cat idle0000" x="0" y="334" width="1045" height="330"/>
	<SubTexture name="bongo cat idle0001" x="0" y="334" width="1045" height="330"/>
	<SubTexture name="bongo cat idle0002" x="1045" y="334" width="1045" height="330"/>
	<SubTexture name="bongo cat idle0003" x="1045" y="334" width="1045" height="330"/>
	<SubTexture name="bongo cat idle0004" x="2090" y="334" width="1045" height="330"/>
	<SubTexture name="bongo cat idle0005" x="2090" y="334" width="1045" height="330"/>
	<SubTexture name="bongo cat idle0006" x="0" y="664" width="1045" height="330"/>
	<SubTexture name="bongo cat idle0007" x="1045" y="664" width="1045" height="330"/>
	<SubTexture name="bongo cat idle0008" x="1045" y="664" width="1045" height="330"/>
	<SubTexture name="bongo cat idle0009" x="1045" y="664" width="1045" height="330"/>
	<SubTexture name="bongo cat left0000" x="2090" y="664" width="1045" height="333"/>
	<SubTexture name="bongo cat left0001" x="0" y="997" width="1045" height="333"/>
	<SubTexture name="bongo cat left0002" x="0" y="997" width="1045" height="333"/>
	<SubTexture name="bongo cat left0003" x="1045" y="997" width="1045" height="333"/>
	<SubTexture name="bongo cat left0004" x="1045" y="997" width="1045" height="333"/>
	<SubTexture name="bongo cat left0005" x="1045" y="997" width="1045" height="333"/>
	<SubTexture name="bongo cat right0000" x="2090" y="997" width="1045" height="337"/>
	<SubTexture name="bongo cat right0001" x="0" y="1334" width="1045" height="337"/>
	<SubTexture name="bongo cat right0002" x="0" y="1334" width="1045" height="337"/>
	<SubTexture name="bongo cat right0003" x="1045" y="1334" width="1045" height="337"/>
	<SubTexture name="bongo cat right0004" x="1045" y="1334" width="1045" height="337"/>
	<SubTexture name="bongo cat up0000" x="2090" y="1334" width="1045" height="335"/>
	<SubTexture name="bongo cat up0001" x="0" y="1671" width="1045" height="335"/>
	<SubTexture name="bongo cat up0002" x="0" y="1671" width="1045" height="335"/>
	<SubTexture name="bongo cat up0003" x="1045" y="1671" width="1045" height="335"/>
	<SubTexture name="bongo cat up0004" x="1045" y="1671" width="1045" height="335"/>
</TextureAtlas>
